"0","colnames(data)"
"1"," [1]"
"1"," ""timeMillis""   "
"1"," ""timeSeconds""  "
"1"," ""pressure""     "
"1"," ""blockTemp1""   "
"1"," ""blockTemp2""   "
"1","
"
"1"," [6]"
"1"," ""blockTemp3""   "
"1"," ""blockTemp4""   "
"1"," ""processStage"" "
"1"," ""steamValve""   "
"1"," ""CO2Perc""      "
"1","
"
"1","[11]"
"1"," ""O2Perc""       "
"1"," ""FlowRate""     "
"1"," ""StreamINTemp"" "
"1"," ""StreamOUTTemp"""
"1"," ""WaterINTemp""  "
"1","
"
"1","[16]"
"1"," ""WaterOUTTemp"" "
"1"," ""tankTemp""     "
"1"," ""Timestamp""    "
"1","
"
